{"cameraMode":{"drawMode":0,"name":"Shaded","section":"Shading Mode"},"sceneLighting":false,"audioPlay":false,"sceneViewState":{"showFog":true,"showMaterialUpdate":false,"showSkybox":false,"showFlares":true,"showImageEffects":true,"showParticleSystems":true,"showVisualEffectGraphs":true,"m_FxEnabled":true},"in2DMode":false,"pivot":{"x":0.5915974974632263,"y":0.8081287145614624,"z":1.0119999647140504},"rotation":{"x":0.037309445440769199,"y":-0.09818124026060105,"z":-0.0037033322732895614,"w":-0.9945065379142761},"size":0.08660256862640381,"orthographic":false}