{"cameraMode":{"drawMode":0,"name":"Shaded","section":"Shading Mode"},"sceneLighting":false,"audioPlay":false,"sceneViewState":{"showFog":true,"showMaterialUpdate":false,"showSkybox":false,"showFlares":true,"showImageEffects":true,"showParticleSystems":true,"showVisualEffectGraphs":true,"m_FxEnabled":true},"in2DMode":false,"pivot":{"x":-0.16778874397277833,"y":0.30000001192092898,"z":2.0043203830718996},"rotation":{"x":0.05287494137883186,"y":-0.9454129934310913,"z":0.2001945972442627,"w":0.25289538502693179},"size":0.8660253882408142,"orthographic":false}