{"cameraMode":{"drawMode":0,"name":"Shaded","section":"Shading Mode"},"sceneLighting":false,"audioPlay":false,"sceneViewState":{"showFog":true,"showMaterialUpdate":false,"showSkybox":false,"showFlares":true,"showImageEffects":true,"showParticleSystems":true,"showVisualEffectGraphs":true,"m_FxEnabled":true},"in2DMode":false,"pivot":{"x":-0.42875832319259646,"y":1.1851396560668946,"z":-0.6202015280723572},"rotation":{"x":-0.03486994281411171,"y":0.7082845568656921,"z":-0.035116225481033328,"w":-0.7044658660888672},"size":1.6002497673034669,"orthographic":false}