{"cameraMode":{"drawMode":0,"name":"Shaded","section":"Shading Mode"},"sceneLighting":true,"audioPlay":false,"sceneViewState":{"showFog":true,"showMaterialUpdate":false,"showSkybox":true,"showFlares":true,"showImageEffects":true,"showParticleSystems":true,"showVisualEffectGraphs":true,"m_FxEnabled":true},"in2DMode":false,"pivot":{"x":25.636478424072267,"y":96.3490219116211,"z":44.66302490234375},"rotation":{"x":-0.009392357431352139,"y":-0.9871266484260559,"z":0.15068158507347108,"w":-0.059000853449106219},"size":200.51812744140626,"orthographic":false}