{"cameraMode":{"drawMode":0,"name":"Shaded","section":"Shading Mode"},"sceneLighting":true,"audioPlay":false,"sceneViewState":{"showFog":true,"showMaterialUpdate":false,"showSkybox":true,"showFlares":true,"showImageEffects":true,"showParticleSystems":true,"showVisualEffectGraphs":true,"m_FxEnabled":true},"in2DMode":false,"pivot":{"x":4.391899108886719,"y":16.275259017944337,"z":78.79021453857422},"rotation":{"x":0.003127270843833685,"y":-0.9955950379371643,"z":0.04038501903414726,"w":0.08860350400209427},"size":7.2560601234436039,"orthographic":false}